epoch,train_loss,train_acc,val_loss,val_acc,lr
1,0.6992962188720703,0.5801,0.6275807440280914,0.6583333333333333,0.001
2,0.6303806860923767,0.6465,0.5823876557350158,0.6866666666666666,0.001
3,0.6031447150230408,0.6768,0.5565185546080271,0.719,0.001
4,0.5734534082889556,0.7055,0.5171777016321818,0.7483333333333333,0.001
5,0.5382442086219787,0.7368,0.48152591443061826,0.7706666666666667,0.001
6,0.5125470655918122,0.7539,0.4506646184126536,0.7953333333333333,0.001
7,0.4916881403446198,0.7658,0.46215131163597106,0.7766666666666666,0.001
8,0.477122407579422,0.7749,0.41366608134905497,0.8056666666666666,0.001
9,0.458470719575882,0.787,0.4295323446591695,0.8003333333333333,0.001
10,0.4537792592048645,0.7859,0.412180030186971,0.8133333333333334,0.001
11,0.4386013728141785,0.7982,0.39883203359444935,0.825,0.001
12,0.4391044449329376,0.7953,0.40857254719734193,0.8086666666666666,0.001
13,0.41987033257484435,0.8087,0.37429689009984335,0.838,0.001
14,0.4102115354537964,0.8177,0.39447174624602,0.8253333333333334,0.001
15,0.40916942071914675,0.8148,0.38090993762016295,0.8283333333333334,0.001
16,0.40421895999908447,0.8181,0.3615397223234177,0.8396666666666667,0.001
17,0.3918044431209564,0.8263,0.34480092525482176,0.8506666666666667,0.001
18,0.38057324838638307,0.8298,0.3626532230774562,0.842,0.001
19,0.38166490070819853,0.8325,0.3791185582478841,0.833,0.001
20,0.35674188022613523,0.8474,0.3603646423816681,0.8423333333333334,0.0005
21,0.33405034341812134,0.8546,0.30752073546250663,0.8656666666666667,0.0005
22,0.330715872168541,0.8571,0.30708352077007295,0.8696666666666667,0.0005
23,0.33217987356185913,0.8509,0.30432086217403415,0.8736666666666667,0.0005
24,0.3140357257843018,0.8625,0.3092904048363368,0.867,0.0005
25,0.3127534403085709,0.8667,0.2903283004363378,0.8773333333333333,0.0005
26,0.30785438295602796,0.8712,0.2887319103082021,0.8786666666666667,0.0005
27,0.2981304074048996,0.8765,0.2883116221825282,0.8793333333333333,0.0005
28,0.29497656443119047,0.8727,0.2867386007706324,0.8806666666666667,0.0005
29,0.2928257251262665,0.8776,0.28891699473063154,0.8766666666666667,0.0005
30,0.30137369406223297,0.8752,0.27971879541873934,0.8873333333333333,0.0005
31,0.29148381147384644,0.8776,0.28689283796151477,0.885,0.0005
32,0.3015362381696701,0.8742,0.2953868326743444,0.8793333333333333,0.0005
33,0.2844833014726639,0.8813,0.2836926767031352,0.8803333333333333,0.00025
34,0.26408958368301394,0.8906,0.2792849961916606,0.888,0.00025
35,0.2721280189037323,0.8871,0.2647141354084015,0.8893333333333333,0.00025
36,0.2723896140575409,0.8862,0.26814583798249564,0.8923333333333333,0.00025
37,0.2608452707767487,0.8904,0.2615901690920194,0.8916666666666667,0.00025
38,0.25986347546577454,0.8911,0.2620803094704946,0.896,0.00025
39,0.25107338491082193,0.8957,0.2566847048004468,0.8966666666666666,0.00025
40,0.25219723654985426,0.8981,0.2662527349789937,0.8903333333333333,0.00025
41,0.2539975609540939,0.8916,0.2526740954319636,0.9003333333333333,0.00025
42,0.24942651801109314,0.8954,0.2801932399272919,0.887,0.00025
43,0.24411208024024963,0.8962,0.26513570644458134,0.892,0.00025
44,0.2565055365085602,0.8954,0.2560195093154907,0.8933333333333333,0.000125
45,0.23585156197547913,0.9015,0.25061329368750257,0.8986666666666666,0.000125
46,0.2286607780456543,0.9067,0.25074797932306925,0.8986666666666666,0.000125
47,0.2384532947897911,0.9016,0.261880451520284,0.891,0.000125
48,0.2281031302690506,0.9071,0.24745506465435027,0.8986666666666666,0.000125
49,0.2256577103972435,0.9062,0.24578616615136464,0.8983333333333333,0.000125
50,0.2335238473892212,0.9026,0.2522729539871216,0.898,0.000125
